item_number,requirement_id,authoritative_requirement,outcome,implementation,validation_evidence,qualification
1,CSA-OBJ-001,The model shall store token embeddings directly as learned spectral coefficient vectors of the retained width.,Implemented / documented; functional acceptance covered,sheet/width.py; docs/residual_width/README.md,tests/test_residual_width.py; requirements.csv; acceptance.md,"CPU functional acceptance. Measured category-specific storage only; GPU, distributed width, compilation, cloud delivery and language-model-scale quality remain untested."
2,CSA-OBJ-002,Width compression shall reduce the residual-facing dimensions of stored weight operators as well as the residual activations.,Implemented / documented; functional acceptance covered,sheet/width.py; docs/residual_width/README.md,tests/test_residual_width.py; requirements.csv; acceptance.md,"CPU functional acceptance. Measured category-specific storage only; GPU, distributed width, compilation, cloud delivery and language-model-scale quality remain untested."
3,CSA-OBJ-003,Width and depth compression shall be independently selectable and jointly usable.,Implemented / documented; functional acceptance covered,sheet/width.py; docs/residual_width/README.md,tests/test_residual_width.py; requirements.csv; acceptance.md,"CPU functional acceptance. Measured category-specific storage only; GPU, distributed width, compilation, cloud delivery and language-model-scale quality remain untested."
4,CSA-OBJ-004,"Width compression shall preserve token count, causal sequence order, and the configured number of executed blocks.",Implemented / documented; functional acceptance covered,sheet/width.py; docs/residual_width/README.md,tests/test_residual_width.py; requirements.csv; acceptance.md,"CPU functional acceptance. Measured category-specific storage only; GPU, distributed width, compilation, cloud delivery and language-model-scale quality remain untested."
5,CSA-OBJ-005,The preferred variant shall use compact projected LayerNorm and a direct coefficient-to-vocabulary head without expanded residuals in normal execution.,Implemented / documented; functional acceptance covered,sheet/width.py; docs/residual_width/README.md,tests/test_residual_width.py; requirements.csv; acceptance.md,"CPU functional acceptance. Measured category-specific storage only; GPU, distributed width, compilation, cloud delivery and language-model-scale quality remain untested."
6,CSA-OBJ-006,"Width basis selection shall use the shared THOG plug-in registry, with Chebyshev as the documented worked example.",Implemented / documented; functional acceptance covered,sheet/width.py; docs/residual_width/README.md,tests/test_residual_width.py; requirements.csv; acceptance.md,"CPU functional acceptance. Measured category-specific storage only; GPU, distributed width, compilation, cloud delivery and language-model-scale quality remain untested."
7,CSA-OBJ-007,Version 0.1 shall preserve the existing attention internal width and MLP hidden width.,Implemented / documented; functional acceptance covered,sheet/width.py; docs/residual_width/README.md,tests/test_residual_width.py; requirements.csv; acceptance.md,"CPU functional acceptance. Measured category-specific storage only; GPU, distributed width, compilation, cloud delivery and language-model-scale quality remain untested."
8,CSA-OBJ-008,"Release claims shall distinguish mathematical equivalence of projected LayerNorm from unproven quality, memory, and timing results for the complete variant.",Implemented / documented; functional acceptance covered,sheet/width.py; docs/residual_width/README.md,tests/test_residual_width.py; requirements.csv; acceptance.md,"CPU functional acceptance. Measured category-specific storage only; GPU, distributed width, compilation, cloud delivery and language-model-scale quality remain untested."
9,CSA-OBJ-009,"Every material descriptive statement shall have an identified requirement, and every requirement shall have descriptive coverage.",Implemented / documented; functional acceptance covered,sheet/width.py; docs/residual_width/README.md,tests/test_residual_width.py; requirements.csv; acceptance.md,"CPU functional acceptance. Measured category-specific storage only; GPU, distributed width, compilation, cloud delivery and language-model-scale quality remain untested."
10,CSA-OBJ-010,"Version 0.1 shall use a fixed retained width and fixed basis, without automatic width adaptation or learned basis coordinates.",Implemented / documented; functional acceptance covered,sheet/width.py; docs/residual_width/README.md,tests/test_residual_width.py; requirements.csv; acceptance.md,"CPU functional acceptance. Measured category-specific storage only; GPU, distributed width, compilation, cloud delivery and language-model-scale quality remain untested."
11,CSA-REP-001,Resolved configuration shall distinguish reference width D from retained coefficient count r and actual residual tensor width.,Implemented / documented; functional acceptance covered,sheet/width.py; sheet/bases; sheet/width_geometry.py,tests/test_residual_width.py; evidence/residual_width_basis_construction.json,See acceptance.md for shared qualification limits.
12,CSA-REP-002,Coefficient indices shall denote feature-basis modes without mixing token positions or layer indices.,Implemented / documented; functional acceptance covered,sheet/width.py; sheet/bases; sheet/width_geometry.py,tests/test_residual_width.py; evidence/residual_width_basis_construction.json,See acceptance.md for shared qualification limits.
13,CSA-REP-003,"Shape and memory reports shall record L, P when selected, A, F, N, V, and T with the meanings in Section 2.1.",Implemented / documented; functional acceptance covered,sheet/width.py; sheet/bases; sheet/width_geometry.py,tests/test_residual_width.py; evidence/residual_width_basis_construction.json,See acceptance.md for shared qualification limits.
14,CSA-REP-004,The width representation shall use a fixed analysis matrix C of shape r × D and coefficient vectors of length r.,Implemented / documented; functional acceptance covered,sheet/width.py; sheet/bases; sheet/width_geometry.py,tests/test_residual_width.py; evidence/residual_width_basis_construction.json,See acceptance.md for shared qualification limits.
15,CSA-REP-005,Operator descriptions and exported shape metadata shall specify their matrix orientation.,Implemented / documented; functional acceptance covered,sheet/width.py; sheet/bases; sheet/width_geometry.py,tests/test_residual_width.py; evidence/residual_width_basis_construction.json,See acceptance.md for shared qualification limits.
16,CSA-REP-006,The Chebyshev example shall use the registered coordinate policy and first-kind polynomial recurrence for the requested D and r.,Implemented / documented; functional acceptance covered,sheet/width.py; sheet/bases; sheet/width_geometry.py,tests/test_residual_width.py; evidence/residual_width_basis_construction.json,See acceptance.md for shared qualification limits.
17,CSA-REP-007,Chebyshev construction shall use the registered deterministic QR policy and identify stored coordinates as orthonormalized Chebyshev-derived coefficients.,Implemented / documented; functional acceptance covered,sheet/width.py; sheet/bases; sheet/width_geometry.py,tests/test_residual_width.py; evidence/residual_width_basis_construction.json,See acceptance.md for shared qualification limits.
18,CSA-REP-008,"For the Chebyshev constant-mode path, mode zero shall equal the positive constant 1/√D, and WIDTH.order shall mean coefficient count.",Implemented / documented; functional acceptance covered,sheet/width.py; sheet/bases; sheet/width_geometry.py,tests/test_residual_width.py; evidence/residual_width_basis_construction.json,See acceptance.md for shared qualification limits.
19,CSA-REP-009,"Basis construction shall validate numerical rank and stabilization accuracy, record conditioning, and reject numerically unresolved requests before model allocation.",Implemented / documented; functional acceptance covered,sheet/width.py; sheet/bases; sheet/width_geometry.py,tests/test_residual_width.py; evidence/residual_width_basis_construction.json,See acceptance.md for shared qualification limits.
20,CSA-REP-010,"Documentation and diagnostics shall distinguish analysis Cx, synthesis Cᵀc, and the lossy projection CᵀCx when r < D.",Implemented / documented; functional acceptance covered,sheet/width.py; sheet/bases; sheet/width_geometry.py,tests/test_residual_width.py; evidence/residual_width_basis_construction.json,See acceptance.md for shared qualification limits.
21,CSA-REP-011,Normal training shall not require a full-width learned input vector as the source of each coefficient embedding.,Implemented / documented; functional acceptance covered,sheet/width.py; sheet/bases; sheet/width_geometry.py,tests/test_residual_width.py; evidence/residual_width_basis_construction.json,See acceptance.md for shared qualification limits.
22,CSA-REP-012,Documentation shall identify C and its constrained operators as the spectral machinery and shall describe their linearity in activation values.,Implemented / documented; functional acceptance covered,sheet/width.py; sheet/bases; sheet/width_geometry.py,tests/test_residual_width.py; evidence/residual_width_basis_construction.json,See acceptance.md for shared qualification limits.
23,CSA-REP-013,Construction diagnostics shall use a declared float64 rank tolerance and distinguish conditioning limits of the existing Chebyshev grid from model-training performance.,Implemented / documented; functional acceptance covered,sheet/width.py; sheet/bases; sheet/width_geometry.py,tests/test_residual_width.py; evidence/residual_width_basis_construction.json,See acceptance.md for shared qualification limits.
24,CSA-LRN-001,Token coefficient rows shall be trainable parameters whose meaning is assigned by the fixed width basis and downstream operators.,Implemented / documented; functional acceptance covered,sheet/width.py; docs/residual_width/README.md,tests/test_residual_width.py; test_probes_preserve_training_rng_gradient_and_parameter_state; evidence/residual_width_cpu_comparison.json,See acceptance.md for shared qualification limits.
25,CSA-LRN-002,Learned positional embeddings shall be parameterized and added in the same coefficient coordinates as token embeddings.,Implemented / documented; functional acceptance covered,sheet/width.py; docs/residual_width/README.md,tests/test_residual_width.py; test_probes_preserve_training_rng_gradient_and_parameter_state; evidence/residual_width_cpu_comparison.json,See acceptance.md for shared qualification limits.
26,CSA-LRN-003,Training shall retain the next-token vocabulary cross-entropy objective and propagate its gradients through all selected width and depth parameters.,Implemented / documented; functional acceptance covered,sheet/width.py; docs/residual_width/README.md,tests/test_residual_width.py; test_probes_preserve_training_rng_gradient_and_parameter_state; evidence/residual_width_cpu_comparison.json,See acceptance.md for shared qualification limits.
27,CSA-LRN-004,Quality claims shall recognize that retained-width and depth constraints can change the best achievable loss.,Implemented / documented; functional acceptance covered,sheet/width.py; docs/residual_width/README.md,tests/test_residual_width.py; test_probes_preserve_training_rng_gradient_and_parameter_state; evidence/residual_width_cpu_comparison.json,See acceptance.md for shared qualification limits.
28,CSA-LRN-005,The learning explanation shall distinguish coefficient optimization from input analysis and identify the adjoint C used in synthesis-gradient transport.,Implemented / documented; functional acceptance covered,sheet/width.py; docs/residual_width/README.md,tests/test_residual_width.py; test_probes_preserve_training_rng_gradient_and_parameter_state; evidence/residual_width_cpu_comparison.json,See acceptance.md for shared qualification limits.
29,CSA-LRN-006,"The width-normalization explanation shall identify both mathematical analysis and synthesis and their folded implementation, without claiming that analysis is supplied by loss alone.",Implemented / documented; functional acceptance covered,sheet/width.py; docs/residual_width/README.md,tests/test_residual_width.py; test_probes_preserve_training_rng_gradient_and_parameter_state; evidence/residual_width_cpu_comparison.json,See acceptance.md for shared qualification limits.
30,CSA-LRN-007,"The depth analogy shall describe learned coefficient matrices, fixed basis evaluation, and gradient accumulation without requiring a separate full-weight analysis stage.",Implemented / documented; functional acceptance covered,sheet/width.py; docs/residual_width/README.md,tests/test_residual_width.py; test_probes_preserve_training_rng_gradient_and_parameter_state; evidence/residual_width_cpu_comparison.json,See acceptance.md for shared qualification limits.
31,CSA-LRN-008,Joint width and depth execution shall allow independently selected basis families and preserve the meaning of direct depth contractions.,Implemented / documented; functional acceptance covered,sheet/width.py; docs/residual_width/README.md,tests/test_residual_width.py; test_probes_preserve_training_rng_gradient_and_parameter_state; evidence/residual_width_cpu_comparison.json,See acceptance.md for shared qualification limits.
32,CSA-LRN-009,Projected LayerNorm shall derive G from C and a learned D-vector γ rather than learn a free r × r affine matrix.,Implemented / documented; functional acceptance covered,sheet/width.py; docs/residual_width/README.md,tests/test_residual_width.py; test_probes_preserve_training_rng_gradient_and_parameter_state; evidence/residual_width_cpu_comparison.json,See acceptance.md for shared qualification limits.
33,CSA-LRN-010,Instrumentation shall report the strength of nonuniform normalization gain and resulting basis coupling without treating a named basis as evidence of quality advantage.,Implemented / documented; functional acceptance covered,sheet/width.py; docs/residual_width/README.md,tests/test_residual_width.py; test_probes_preserve_training_rng_gradient_and_parameter_state; evidence/residual_width_cpu_comparison.json,See acceptance.md for shared qualification limits.
34,CSA-LN-001,LayerNorm statistics shall be computed per token over its D represented features using population variance.,Implemented / documented; functional acceptance covered,sheet/width.py; sheet/width_instrumentation.py,test_projected_normalization_output_and_all_gradients; test_no_stale_gain_and_minimum_precision; test_bfloat16_autocast_keeps_folded_math_in_float32; test_registered_general_basis_and_nonorthonormal_rejection,See acceptance.md for shared qualification limits.
35,CSA-LN-002,Projected LayerNorm shall preserve the existing epsilon and optional reference-space feature-wise affine gain and bias.,Implemented / documented; functional acceptance covered,sheet/width.py; sheet/width_instrumentation.py,test_projected_normalization_output_and_all_gradients; test_no_stale_gain_and_minimum_precision; test_bfloat16_autocast_keeps_folded_math_in_float32; test_registered_general_basis_and_nonorthonormal_rejection,See acceptance.md for shared qualification limits.
36,CSA-LN-003,"Every projected normalization shall apply analysis to reference-space LayerNorm of the synthesized coefficient vector, as defined in Section 4.2.",Implemented / documented; functional acceptance covered,sheet/width.py; sheet/width_instrumentation.py,test_projected_normalization_output_and_all_gradients; test_no_stale_gain_and_minimum_precision; test_bfloat16_autocast_keeps_folded_math_in_float32; test_registered_general_basis_and_nonorthonormal_rejection,See acceptance.md for shared qualification limits.
37,CSA-LN-004,Normalization documentation and diagnostics shall identify the post-affine projection and its possible discarded components.,Implemented / documented; functional acceptance covered,sheet/width.py; sheet/width_instrumentation.py,test_projected_normalization_output_and_all_gradients; test_no_stale_gain_and_minimum_precision; test_bfloat16_autocast_keeps_folded_math_in_float32; test_registered_general_basis_and_nonorthonormal_rejection,See acceptance.md for shared qualification limits.
38,CSA-LN-005,"The constant-mode shortcut shall use mean c₀/√D, zero-centered mode zero, and the sum of squared centered coefficients divided by D as its variance.",Implemented / documented; functional acceptance covered,sheet/width.py; sheet/width_instrumentation.py,test_projected_normalization_output_and_all_gradients; test_no_stale_gain_and_minimum_precision; test_bfloat16_autocast_keeps_folded_math_in_float32; test_registered_general_basis_and_nonorthonormal_rejection,See acceptance.md for shared qualification limits.
39,CSA-LN-006,Normalization gain and bias shall be derived as G = C diag(γ) Cᵀ and b = Cβ.,Implemented / documented; functional acceptance covered,sheet/width.py; sheet/width_instrumentation.py,test_projected_normalization_output_and_all_gradients; test_no_stale_gain_and_minimum_precision; test_bfloat16_autocast_keeps_folded_math_in_float32; test_registered_general_basis_and_nonorthonormal_rejection,See acceptance.md for shared qualification limits.
40,CSA-LN-007,"The Chebyshev compact forward shall apply G to centered coefficients divided by √(variance + epsilon), then add b when enabled.",Implemented / documented; functional acceptance covered,sheet/width.py; sheet/width_instrumentation.py,test_projected_normalization_output_and_all_gradients; test_no_stale_gain_and_minimum_precision; test_bfloat16_autocast_keeps_folded_math_in_float32; test_registered_general_basis_and_nonorthonormal_rejection,See acceptance.md for shared qualification limits.
41,CSA-LN-008,Each normalization site shall own its affine parameters while sharing the fixed C; derived G and b shall not be independently trainable parameters.,Implemented / documented; functional acceptance covered,sheet/width.py; sheet/width_instrumentation.py,test_projected_normalization_output_and_all_gradients; test_no_stale_gain_and_minimum_precision; test_bfloat16_autocast_keeps_folded_math_in_float32; test_registered_general_basis_and_nonorthonormal_rejection,See acceptance.md for shared qualification limits.
42,CSA-LN-009,Normal normalization execution shall avoid an N × D represented-feature activation and any D × D diagonal allocation.,Implemented / documented; functional acceptance covered,sheet/width.py; sheet/width_instrumentation.py,test_projected_normalization_output_and_all_gradients; test_no_stale_gain_and_minimum_precision; test_bfloat16_autocast_keeps_folded_math_in_float32; test_registered_general_basis_and_nonorthonormal_rejection,See acceptance.md for shared qualification limits.
43,CSA-LN-010,"G construction shall implement diagonal multiplication by column scaling, with β projected directly as a D-vector.",Implemented / documented; functional acceptance covered,sheet/width.py; sheet/width_instrumentation.py,test_projected_normalization_output_and_all_gradients; test_no_stale_gain_and_minimum_precision; test_bfloat16_autocast_keeps_folded_math_in_float32; test_registered_general_basis_and_nonorthonormal_rejection,See acceptance.md for shared qualification limits.
44,CSA-LN-011,Execution reporting shall account for gain-construction and gain-application work and the r × D construction temporary or its bounded tiled equivalent.,Implemented / documented; functional acceptance covered,sheet/width.py; sheet/width_instrumentation.py,test_projected_normalization_output_and_all_gradients; test_no_stale_gain_and_minimum_precision; test_bfloat16_autocast_keeps_folded_math_in_float32; test_registered_general_basis_and_nonorthonormal_rejection,See acceptance.md for shared qualification limits.
45,CSA-LN-012,"Orthonormal plug-ins without a constant first mode shall use the general mean, variance, centering-gain, and projected-bias formula in Section 4.5.",Implemented / documented; functional acceptance covered,sheet/width.py; sheet/width_instrumentation.py,test_projected_normalization_output_and_all_gradients; test_no_stale_gain_and_minimum_precision; test_bfloat16_autocast_keeps_folded_math_in_float32; test_registered_general_basis_and_nonorthonormal_rejection,See acceptance.md for shared qualification limits.
46,CSA-LN-013,Version 0.1 width plug-ins shall supply an orthonormal basis; nonorthonormal representations shall be rejected with a capability explanation.,Implemented / documented; functional acceptance covered,sheet/width.py; sheet/width_instrumentation.py,test_projected_normalization_output_and_all_gradients; test_no_stale_gain_and_minimum_precision; test_bfloat16_autocast_keeps_folded_math_in_float32; test_registered_general_basis_and_nonorthonormal_rejection,See acceptance.md for shared qualification limits.
47,CSA-LN-014,"Both per-block pre-attention and pre-MLP LayerNorms, and the final LayerNorm, shall use projected normalization whenever width compression is selected.",Implemented / documented; functional acceptance covered,sheet/width.py; sheet/width_instrumentation.py,test_projected_normalization_output_and_all_gradients; test_no_stale_gain_and_minimum_precision; test_bfloat16_autocast_keeps_folded_math_in_float32; test_registered_general_basis_and_nonorthonormal_rejection,See acceptance.md for shared qualification limits.
48,CSA-LN-015,The placement explanation shall identify the existing normalization boundaries and shall qualify optimality as unproven.,Implemented / documented; functional acceptance covered,sheet/width.py; sheet/width_instrumentation.py,test_projected_normalization_output_and_all_gradients; test_no_stale_gain_and_minimum_precision; test_bfloat16_autocast_keeps_folded_math_in_float32; test_registered_general_basis_and_nonorthonormal_rejection,See acceptance.md for shared qualification limits.
49,CSA-LN-016,"Training shall preserve gradients through G and b and invalidate derived caches after any relevant parameter, basis, device, or precision change.",Implemented / documented; functional acceptance covered,sheet/width.py; sheet/width_instrumentation.py,test_projected_normalization_output_and_all_gradients; test_no_stale_gain_and_minimum_precision; test_bfloat16_autocast_keeps_folded_math_in_float32; test_registered_general_basis_and_nonorthonormal_rejection,See acceptance.md for shared qualification limits.
50,CSA-LN-017,Mixed-precision normalization statistics and gain accumulation shall use at least float32 precision and pass explicit-reference gradient tests.,Implemented / documented; functional acceptance covered,sheet/width.py; sheet/width_instrumentation.py,test_projected_normalization_output_and_all_gradients; test_no_stale_gain_and_minimum_precision; test_bfloat16_autocast_keeps_folded_math_in_float32; test_registered_general_basis_and_nonorthonormal_rejection,See acceptance.md for shared qualification limits.
51,CSA-LN-018,Fresh-run normalization gain shall initialize to one and enabled normalization bias to zero.,Implemented / documented; functional acceptance covered,sheet/width.py; sheet/width_instrumentation.py,test_projected_normalization_output_and_all_gradients; test_no_stale_gain_and_minimum_precision; test_bfloat16_autocast_keeps_folded_math_in_float32; test_registered_general_basis_and_nonorthonormal_rejection,See acceptance.md for shared qualification limits.
52,CSA-ARC-001,The model shall store Z as V × r and learned U as T × r and form the input residual by coefficient-space lookup and addition.,Implemented / documented; functional acceptance covered,sheet/width.py; sheet/training_model.py,test_all_registered_basis_storage_and_causality; test_full_width_dense_equivalence_outputs_and_gradients; test_truncated_model_matches_explicit_projected_reference; test_direct_depth_contraction_outputs_and_gradients; test_normal_execution_residual_sites_stay_compact_and_never_materialize,See acceptance.md for shared qualification limits.
53,CSA-ARC-002,Version 0.1 shall support the current learned-position GPT path and reject positional mechanisms without a declared width-compatible adapter.,Implemented / documented; functional acceptance covered,sheet/width.py; sheet/training_model.py,test_all_registered_basis_storage_and_causality; test_full_width_dense_equivalence_outputs_and_gradients; test_truncated_model_matches_explicit_projected_reference; test_direct_depth_contraction_outputs_and_gradients; test_normal_execution_residual_sites_stay_compact_and_never_materialize,See acceptance.md for shared qualification limits.
54,CSA-ARC-003,Each block shall preserve pre-norm attention and MLP order with coefficient-space residual additions.,Implemented / documented; functional acceptance covered,sheet/width.py; sheet/training_model.py,test_all_registered_basis_storage_and_causality; test_full_width_dense_equivalence_outputs_and_gradients; test_truncated_model_matches_explicit_projected_reference; test_direct_depth_contraction_outputs_and_gradients; test_normal_execution_residual_sites_stay_compact_and_never_materialize,See acceptance.md for shared qualification limits.
55,CSA-ARC-004,"Width transforms and normalization shall act independently per token, and attention shall retain its causal mask.",Implemented / documented; functional acceptance covered,sheet/width.py; sheet/training_model.py,test_all_registered_basis_storage_and_causality; test_full_width_dense_equivalence_outputs_and_gradients; test_truncated_model_matches_explicit_projected_reference; test_direct_depth_contraction_outputs_and_gradients; test_normal_execution_residual_sites_stay_compact_and_never_materialize,See acceptance.md for shared qualification limits.
56,CSA-ARC-005,QKV and attention-output operators shall be stored directly with shapes 3A × r and r × A.,Implemented / documented; functional acceptance covered,sheet/width.py; sheet/training_model.py,test_all_registered_basis_storage_and_causality; test_full_width_dense_equivalence_outputs_and_gradients; test_truncated_model_matches_explicit_projected_reference; test_direct_depth_contraction_outputs_and_gradients; test_normal_execution_residual_sites_stay_compact_and_never_materialize,See acceptance.md for shared qualification limits.
57,CSA-ARC-006,MLP up and down operators shall be stored directly with shapes F × r and r × F.,Implemented / documented; functional acceptance covered,sheet/width.py; sheet/training_model.py,test_all_registered_basis_storage_and_causality; test_full_width_dense_equivalence_outputs_and_gradients; test_truncated_model_matches_explicit_projected_reference; test_direct_depth_contraction_outputs_and_gradients; test_normal_execution_residual_sites_stay_compact_and_never_materialize,See acceptance.md for shared qualification limits.
58,CSA-ARC-007,Attention head divisibility and KV-cache dimensions shall be determined by A rather than the retained residual width r.,Implemented / documented; functional acceptance covered,sheet/width.py; sheet/training_model.py,test_all_registered_basis_storage_and_causality; test_full_width_dense_equivalence_outputs_and_gradients; test_truncated_model_matches_explicit_projected_reference; test_direct_depth_contraction_outputs_and_gradients; test_normal_execution_residual_sites_stay_compact_and_never_materialize,See acceptance.md for shared qualification limits.
59,CSA-ARC-008,The MLP shall apply regular GELU in its F-wide hidden channels without represented-feature synthesis or tiled synthesized-feature GELU.,Implemented / documented; functional acceptance covered,sheet/width.py; sheet/training_model.py,test_all_registered_basis_storage_and_causality; test_full_width_dense_equivalence_outputs_and_gradients; test_truncated_model_matches_explicit_projected_reference; test_direct_depth_contraction_outputs_and_gradients; test_normal_execution_residual_sites_stay_compact_and_never_materialize,See acceptance.md for shared qualification limits.
60,CSA-ARC-009,"Existing dropout probabilities and bias enablement shall apply to the produced channels, with residual-output biases of length r.",Implemented / documented; functional acceptance covered,sheet/width.py; sheet/training_model.py,test_all_registered_basis_storage_and_causality; test_full_width_dense_equivalence_outputs_and_gradients; test_truncated_model_matches_explicit_projected_reference; test_direct_depth_contraction_outputs_and_gradients; test_normal_execution_residual_sites_stay_compact_and_never_materialize,See acceptance.md for shared qualification limits.
61,CSA-ARC-010,The final head shall map coefficients directly to vocabulary logits and preserve existing weight-tying semantics and vocabulary loss.,Implemented / documented; functional acceptance covered,sheet/width.py; sheet/training_model.py,test_all_registered_basis_storage_and_causality; test_full_width_dense_equivalence_outputs_and_gradients; test_truncated_model_matches_explicit_projected_reference; test_direct_depth_contraction_outputs_and_gradients; test_normal_execution_residual_sites_stay_compact_and_never_materialize,See acceptance.md for shared qualification limits.
62,CSA-ARC-011,Normal head execution shall neither store nor construct a hypothetical D-wide head or reconstructed D-wide residual.,Implemented / documented; functional acceptance covered,sheet/width.py; sheet/training_model.py,test_all_registered_basis_storage_and_causality; test_full_width_dense_equivalence_outputs_and_gradients; test_truncated_model_matches_explicit_projected_reference; test_direct_depth_contraction_outputs_and_gradients; test_normal_execution_residual_sites_stay_compact_and_never_materialize,See acceptance.md for shared qualification limits.
63,CSA-ARC-012,Joint depth execution shall store compact P-operator banks and support direct accumulation of their contractions without materializing layer weight matrices.,Implemented / documented; functional acceptance covered,sheet/width.py; sheet/training_model.py,test_all_registered_basis_storage_and_causality; test_full_width_dense_equivalence_outputs_and_gradients; test_truncated_model_matches_explicit_projected_reference; test_direct_depth_contraction_outputs_and_gradients; test_normal_execution_residual_sites_stay_compact_and_never_materialize,See acceptance.md for shared qualification limits.
64,CSA-ARC-013,The existing depth participation control for normalization and bias vectors shall remain independent of width normalization; ln_f shall remain outside sampled block depth.,Implemented / documented; functional acceptance covered,sheet/width.py; sheet/training_model.py,test_all_registered_basis_storage_and_causality; test_full_width_dense_equivalence_outputs_and_gradients; test_truncated_model_matches_explicit_projected_reference; test_direct_depth_contraction_outputs_and_gradients; test_normal_execution_residual_sites_stay_compact_and_never_materialize,See acceptance.md for shared qualification limits.
65,CSA-ARC-014,Version 0.1 shall reject PLASTIC depth scheduling and additional element geometries in width mode until explicit compatibility is implemented.,Implemented / documented; functional acceptance covered,sheet/width.py; sheet/training_model.py,test_all_registered_basis_storage_and_causality; test_full_width_dense_equivalence_outputs_and_gradients; test_truncated_model_matches_explicit_projected_reference; test_direct_depth_contraction_outputs_and_gradients; test_normal_execution_residual_sites_stay_compact_and_never_materialize,See acceptance.md for shared qualification limits.
66,CSA-ARC-015,Compact linear operators shall use ordinary coefficient-to-channel and channel-to-coefficient matrix contractions without requiring polynomial-series multiplication or stored full-width precursor operators.,Implemented / documented; functional acceptance covered,sheet/width.py; sheet/training_model.py,test_all_registered_basis_storage_and_causality; test_full_width_dense_equivalence_outputs_and_gradients; test_truncated_model_matches_explicit_projected_reference; test_direct_depth_contraction_outputs_and_gradients; test_normal_execution_residual_sites_stay_compact_and_never_materialize,See acceptance.md for shared qualification limits.
67,CSA-ARC-016,Fresh-run coefficient tables and compact operators shall use existing role-specific initialization at their stored shapes and preserve the existing depth-bank initialization policy.,Implemented / documented; functional acceptance covered,sheet/width.py; sheet/training_model.py,test_all_registered_basis_storage_and_causality; test_full_width_dense_equivalence_outputs_and_gradients; test_truncated_model_matches_explicit_projected_reference; test_direct_depth_contraction_outputs_and_gradients; test_normal_execution_residual_sites_stay_compact_and_never_materialize,See acceptance.md for shared qualification limits.
68,CSA-BAS-001,"Width basis selection shall reuse the shared registry, aliases, version resolution, coordinate policy, and stabilization implementation.",Implemented / documented; functional acceptance covered,sheet/bases/protocol.py; sheet/bases/lapped_cosine.py; sheet/width.py,test_all_registered_basis_storage_and_causality; test_registered_general_basis_and_nonorthonormal_rejection; test_parameterised_lapped_version_certifies_the_requested_span; evidence/residual_width_basis_construction.json,See acceptance.md for shared qualification limits.
69,CSA-BAS-002,Implementation shall certify Chebyshev and DCT first and provide width adapters and tests for every existing registered spectral family before v0.1 release.,Implemented / documented; functional acceptance covered,sheet/bases/protocol.py; sheet/bases/lapped_cosine.py; sheet/width.py,test_all_registered_basis_storage_and_causality; test_registered_general_basis_and_nonorthonormal_rejection; test_parameterised_lapped_version_certifies_the_requested_span; evidence/residual_width_basis_construction.json,See acceptance.md for shared qualification limits.
70,CSA-BAS-003,Width selection shall distinguish registered spectral bases from element compressors that do not satisfy the width-basis contract.,Implemented / documented; functional acceptance covered,sheet/bases/protocol.py; sheet/bases/lapped_cosine.py; sheet/width.py,test_all_registered_basis_storage_and_causality; test_registered_general_basis_and_nonorthonormal_rejection; test_parameterised_lapped_version_certifies_the_requested_span; evidence/residual_width_basis_construction.json,See acceptance.md for shared qualification limits.
71,CSA-BAS-004,"The width adapter shall expose orthonormal columns, mode ordering, and constant-mode capability and select the appropriate compact normalization formula.",Implemented / documented; functional acceptance covered,sheet/bases/protocol.py; sheet/bases/lapped_cosine.py; sheet/width.py,test_all_registered_basis_storage_and_causality; test_registered_general_basis_and_nonorthonormal_rejection; test_parameterised_lapped_version_certifies_the_requested_span; evidence/residual_width_basis_construction.json,See acceptance.md for shared qualification limits.
72,CSA-BAS-005,"Unsupported dimensions, unresolved numerical rank, and incompatible versions shall fail validation without substituting another basis.",Implemented / documented; functional acceptance covered,sheet/bases/protocol.py; sheet/bases/lapped_cosine.py; sheet/width.py,test_all_registered_basis_storage_and_causality; test_registered_general_basis_and_nonorthonormal_rejection; test_parameterised_lapped_version_certifies_the_requested_span; evidence/residual_width_basis_construction.json,See acceptance.md for shared qualification limits.
73,CSA-BAS-006,"Runs and checkpoints shall persist independently resolved width and depth basis metadata and fingerprints, with saved exact versions authoritative on resume.",Implemented / documented; functional acceptance covered,sheet/bases/protocol.py; sheet/bases/lapped_cosine.py; sheet/width.py,test_all_registered_basis_storage_and_causality; test_registered_general_basis_and_nonorthonormal_rejection; test_parameterised_lapped_version_certifies_the_requested_span; evidence/residual_width_basis_construction.json,See acceptance.md for shared qualification limits.
74,CSA-CFG-001,Version 0.1 shall recognize --select-width with --geometry-preset width-type-I and use WIDTH as the scoped option target.,Implemented / documented; functional acceptance covered,sheet/width_geometry.py; run_thog2_owt_core.py; train_OWT_core.sh,tests/test_residual_width_integration.py; test_configuration_conflicts_rejected_before_training; test_public_shell_launch_preserves_width_options_and_capture_namespace; test_runner_scoped_width_and_depth_command,See acceptance.md for shared qualification limits.
75,CSA-CFG-002,Width selection shall not enable depth implicitly; the same width preset shall compose with explicit fixed --select-depth.,Implemented / documented; functional acceptance covered,sheet/width_geometry.py; run_thog2_owt_core.py; train_OWT_core.sh,tests/test_residual_width_integration.py; test_configuration_conflicts_rejected_before_training; test_public_shell_launch_preserves_width_options_and_capture_namespace; test_runner_scoped_width_and_depth_command,See acceptance.md for shared qualification limits.
76,CSA-CFG-003,"Selection validation shall reject inactive WIDTH options, a width preset without its selector, and incompatible explicit presets.",Implemented / documented; functional acceptance covered,sheet/width_geometry.py; run_thog2_owt_core.py; train_OWT_core.sh,tests/test_residual_width_integration.py; test_configuration_conflicts_rejected_before_training; test_public_shell_launch_preserves_width_options_and_capture_namespace; test_runner_scoped_width_and_depth_command,See acceptance.md for shared qualification limits.
77,CSA-CFG-004,WIDTH.order shall be required and shall be an integer coefficient count from 2 through D subject to basis-specific validity.,Implemented / documented; functional acceptance covered,sheet/width_geometry.py; run_thog2_owt_core.py; train_OWT_core.sh,tests/test_residual_width_integration.py; test_configuration_conflicts_rejected_before_training; test_public_shell_launch_preserves_width_options_and_capture_namespace; test_runner_scoped_width_and_depth_command,See acceptance.md for shared qualification limits.
78,CSA-CFG-005,WIDTH.compressor shall default to chebyshev and resolve independently of the selected depth family.,Implemented / documented; functional acceptance covered,sheet/width_geometry.py; run_thog2_owt_core.py; train_OWT_core.sh,tests/test_residual_width_integration.py; test_configuration_conflicts_rejected_before_training; test_public_shell_launch_preserves_width_options_and_capture_namespace; test_runner_scoped_width_and_depth_command,See acceptance.md for shared qualification limits.
79,CSA-CFG-006,WIDTH.compressor_version shall default to auto for new runs and record the resolved exact version.,Implemented / documented; functional acceptance covered,sheet/width_geometry.py; run_thog2_owt_core.py; train_OWT_core.sh,tests/test_residual_width_integration.py; test_configuration_conflicts_rejected_before_training; test_public_shell_launch_preserves_width_options_and_capture_namespace; test_runner_scoped_width_and_depth_command,See acceptance.md for shared qualification limits.
80,CSA-CFG-007,"The current GPT path shall retain D from --n-embd, A = D, F = 4D, and existing block, head, context, dropout, and bias meanings.",Implemented / documented; functional acceptance covered,sheet/width_geometry.py; run_thog2_owt_core.py; train_OWT_core.sh,tests/test_residual_width_integration.py; test_configuration_conflicts_rejected_before_training; test_public_shell_launch_preserves_width_options_and_capture_namespace; test_runner_scoped_width_and_depth_command,See acceptance.md for shared qualification limits.
81,CSA-CFG-008,"Joint width and depth shall preserve scoped DEPTH controls and existing depth-vector participation semantics, with 1 ≤ P ≤ L.",Implemented / documented; functional acceptance covered,sheet/width_geometry.py; run_thog2_owt_core.py; train_OWT_core.sh,tests/test_residual_width_integration.py; test_configuration_conflicts_rejected_before_training; test_public_shell_launch_preserves_width_options_and_capture_namespace; test_runner_scoped_width_and_depth_command,See acceptance.md for shared qualification limits.
82,CSA-CFG-009,"--explain-geometry shall report active axes, reference and runtime dimensions, basis metadata, and compact operator shapes.",Implemented / documented; functional acceptance covered,sheet/width_geometry.py; run_thog2_owt_core.py; train_OWT_core.sh,tests/test_residual_width_integration.py; test_configuration_conflicts_rejected_before_training; test_public_shell_launch_preserves_width_options_and_capture_namespace; test_runner_scoped_width_and_depth_command,See acceptance.md for shared qualification limits.
83,CSA-CFG-010,"WIDTH parsing shall preserve family@version syntax and reject conflicting versions, duplicate assignments, and unknown properties.",Implemented / documented; functional acceptance covered,sheet/width_geometry.py; run_thog2_owt_core.py; train_OWT_core.sh,tests/test_residual_width_integration.py; test_configuration_conflicts_rejected_before_training; test_public_shell_launch_preserves_width_options_and_capture_namespace; test_runner_scoped_width_and_depth_command,See acceptance.md for shared qualification limits.
84,CSA-CFG-011,Legacy global basis flags shall retain their legacy behavior but explicitly supplied instances shall be rejected in the scoped width path.,Implemented / documented; functional acceptance covered,sheet/width_geometry.py; run_thog2_owt_core.py; train_OWT_core.sh,tests/test_residual_width_integration.py; test_configuration_conflicts_rejected_before_training; test_public_shell_launch_preserves_width_options_and_capture_namespace; test_runner_scoped_width_and_depth_command,See acceptance.md for shared qualification limits.
85,CSA-CFG-012,The geometry resolver shall accept the specified width preset with width and optional depth selectors without changing unrelated legacy resolutions.,Implemented / documented; functional acceptance covered,sheet/width_geometry.py; run_thog2_owt_core.py; train_OWT_core.sh,tests/test_residual_width_integration.py; test_configuration_conflicts_rejected_before_training; test_public_shell_launch_preserves_width_options_and_capture_namespace; test_runner_scoped_width_and_depth_command,See acceptance.md for shared qualification limits.
86,CSA-CFG-013,Command examples shall identify their reference dimensions and coefficient counts and shall not imply certified quality or numerical validity from selection alone.,Implemented / documented; functional acceptance covered,sheet/width_geometry.py; run_thog2_owt_core.py; train_OWT_core.sh,tests/test_residual_width_integration.py; test_configuration_conflicts_rejected_before_training; test_public_shell_launch_preserves_width_options_and_capture_namespace; test_runner_scoped_width_and_depth_command,See acceptance.md for shared qualification limits.
87,CSA-CFG-014,The hyperparameter summary shall include the complete width-capture option set and identify its shared namespace and cross-reference to capture behavior.,Implemented / documented; functional acceptance covered,sheet/width_geometry.py; run_thog2_owt_core.py; train_OWT_core.sh,tests/test_residual_width_integration.py; test_configuration_conflicts_rejected_before_training; test_public_shell_launch_preserves_width_options_and_capture_namespace; test_runner_scoped_width_and_depth_command,See acceptance.md for shared qualification limits.
88,CSA-MEM-001,Parameter estimates shall use L(4DA + 2DF) for dense core matrices and L(4rA + 2rF) or P(4rA + 2rF) for selected compact paths.,Implemented / documented; functional acceptance covered,sheet/width.py; sheet/width_instrumentation.py; docs/residual_width/acceptance.md,evidence/residual_width_cpu_comparison.json; tests/test_residual_width.py; tests/test_residual_width_integration.py; README.md memory interpretation,"CPU functional acceptance. Measured category-specific storage only; GPU, distributed width, compilation, cloud delivery and language-model-scale quality remain untested."
89,CSA-MEM-002,"Half-width and half-depth savings shall be reported as 75% of core-matrix storage, with aggressive examples explicitly limited to that storage class.",Implemented / documented; functional acceptance covered,sheet/width.py; sheet/width_instrumentation.py; docs/residual_width/acceptance.md,evidence/residual_width_cpu_comparison.json; tests/test_residual_width.py; tests/test_residual_width_integration.py; README.md memory interpretation,"CPU functional acceptance. Measured category-specific storage only; GPU, distributed width, compilation, cloud delivery and language-model-scale quality remain untested."
90,CSA-MEM-003,"Accounting shall report embeddings, tied or untied head, affine vectors, gradients, and optimizer states separately with their actual precision.",Implemented / documented; functional acceptance covered,sheet/width.py; sheet/width_instrumentation.py; docs/residual_width/acceptance.md,evidence/residual_width_cpu_comparison.json; tests/test_residual_width.py; tests/test_residual_width_integration.py; README.md memory interpretation,"CPU functional acceptance. Measured category-specific storage only; GPU, distributed width, compilation, cloud delivery and language-model-scale quality remain untested."
91,CSA-MEM-004,"Normalization storage reports shall distinguish the fixed basis, affine vectors, construction temporary, derived G, projected bias, and token activations.",Implemented / documented; functional acceptance covered,sheet/width.py; sheet/width_instrumentation.py; docs/residual_width/acceptance.md,evidence/residual_width_cpu_comparison.json; tests/test_residual_width.py; tests/test_residual_width_integration.py; README.md memory interpretation,"CPU functional acceptance. Measured category-specific storage only; GPU, distributed width, compilation, cloud delivery and language-model-scale quality remain untested."
92,CSA-MEM-005,"Memory measurements shall count actual shared copies, live derived operators, and backward storage and identify whether construction is tiled.",Implemented / documented; functional acceptance covered,sheet/width.py; sheet/width_instrumentation.py; docs/residual_width/acceptance.md,evidence/residual_width_cpu_comparison.json; tests/test_residual_width.py; tests/test_residual_width_integration.py; README.md memory interpretation,"CPU functional acceptance. Measured category-specific storage only; GPU, distributed width, compilation, cloud delivery and language-model-scale quality remain untested."
93,CSA-MEM-006,"Memory reports shall identify attention scores, QKV, KV cache, MLP hidden activations, logits, and executed depth as outside residual-width reduction.",Implemented / documented; functional acceptance covered,sheet/width.py; sheet/width_instrumentation.py; docs/residual_width/acceptance.md,evidence/residual_width_cpu_comparison.json; tests/test_residual_width.py; tests/test_residual_width_integration.py; README.md memory interpretation,"CPU functional acceptance. Measured category-specific storage only; GPU, distributed width, compilation, cloud delivery and language-model-scale quality remain untested."
94,CSA-MEM-007,"Performance claims shall use measured complete execution costs, including projected normalization, depth contractions, and separately reported instrumentation overhead.",Implemented / documented; functional acceptance covered,sheet/width.py; sheet/width_instrumentation.py; docs/residual_width/acceptance.md,evidence/residual_width_cpu_comparison.json; tests/test_residual_width.py; tests/test_residual_width_integration.py; README.md memory interpretation,"CPU functional acceptance. Measured category-specific storage only; GPU, distributed width, compilation, cloud delivery and language-model-scale quality remain untested."
95,CSA-INS-001,Instrumentation shall retain vocabulary cross-entropy and perplexity as the principal quality measurements and qualify any toy accuracy separately.,Implemented / documented; functional acceptance covered,sheet/width_instrumentation.py; sheet/local_chart_store.py; sheet/width_dashboard.py; sheet/local_dashboard_assets/dashboard_width.js,test_probes_preserve_training_rng_gradient_and_parameter_state; test_disabled_capture_has_no_hooks_buffers_or_instrumentation; test_cadence_completed_updates_and_inclusive_window; test_local_chart_bounds_old_database_and_width_figures; evidence/residual_width_browser.json,"CPU functional acceptance. Measured category-specific storage only; GPU, distributed width, compilation, cloud delivery and language-model-scale quality remain untested."
96,CSA-INS-002,Basic capture shall report mean-squared coefficient energies and reference mean and centered-energy contributions according to the selected basis’s constant-mode capability.,Implemented / documented; functional acceptance covered,sheet/width_instrumentation.py; sheet/local_chart_store.py; sheet/width_dashboard.py; sheet/local_dashboard_assets/dashboard_width.js,test_probes_preserve_training_rng_gradient_and_parameter_state; test_disabled_capture_has_no_hooks_buffers_or_instrumentation; test_cadence_completed_updates_and_inclusive_window; test_local_chart_bounds_old_database_and_width_figures; evidence/residual_width_browser.json,"CPU functional acceptance. Measured category-specific storage only; GPU, distributed width, compilation, cloud delivery and language-model-scale quality remain untested."
97,CSA-INS-003,Basic capture shall report normalized γ variation and G coupling relative to mean-gain identity without retaining full G histories.,Implemented / documented; functional acceptance covered,sheet/width_instrumentation.py; sheet/local_chart_store.py; sheet/width_dashboard.py; sheet/local_dashboard_assets/dashboard_width.js,test_probes_preserve_training_rng_gradient_and_parameter_state; test_disabled_capture_has_no_hooks_buffers_or_instrumentation; test_cadence_completed_updates_and_inclusive_window; test_local_chart_bounds_old_database_and_width_figures; evidence/residual_width_browser.json,"CPU functional acceptance. Measured category-specific storage only; GPU, distributed width, compilation, cloud delivery and language-model-scale quality remain untested."
98,CSA-INS-004,"Accounting shall distinguish learned arrays, basis buffers, gradient and optimizer classes, and available actual peak-memory and saved-activation measurements.",Implemented / documented; functional acceptance covered,sheet/width_instrumentation.py; sheet/local_chart_store.py; sheet/width_dashboard.py; sheet/local_dashboard_assets/dashboard_width.js,test_probes_preserve_training_rng_gradient_and_parameter_state; test_disabled_capture_has_no_hooks_buffers_or_instrumentation; test_cadence_completed_updates_and_inclusive_window; test_local_chart_bounds_old_database_and_width_figures; evidence/residual_width_browser.json,"CPU functional acceptance. Measured category-specific storage only; GPU, distributed width, compilation, cloud delivery and language-model-scale quality remain untested."
99,CSA-INS-005,Timing shall report complete-update throughput and use bounded profiler facilities to attribute normalization construction and application cost.,Implemented / documented; functional acceptance covered,sheet/width_instrumentation.py; sheet/local_chart_store.py; sheet/width_dashboard.py; sheet/local_dashboard_assets/dashboard_width.js,test_probes_preserve_training_rng_gradient_and_parameter_state; test_disabled_capture_has_no_hooks_buffers_or_instrumentation; test_cadence_completed_updates_and_inclusive_window; test_local_chart_bounds_old_database_and_width_figures; evidence/residual_width_browser.json,"CPU functional acceptance. Measured category-specific storage only; GPU, distributed width, compilation, cloud delivery and language-model-scale quality remain untested."
100,CSA-INS-006,Loss probes shall apply retained-prefix masks at all coefficient boundaries listed in Section 9.2 and use the same evaluation tokens as the unmasked baseline.,Implemented / documented; functional acceptance covered,sheet/width_instrumentation.py; sheet/local_chart_store.py; sheet/width_dashboard.py; sheet/local_dashboard_assets/dashboard_width.js,test_probes_preserve_training_rng_gradient_and_parameter_state; test_disabled_capture_has_no_hooks_buffers_or_instrumentation; test_cadence_completed_updates_and_inclusive_window; test_local_chart_bounds_old_database_and_width_figures; evidence/residual_width_browser.json,"CPU functional acceptance. Measured category-specific storage only; GPU, distributed width, compilation, cloud delivery and language-model-scale quality remain untested."
101,CSA-INS-007,Ablation output shall state positive delta-loss meaning and identify the result as sensitivity of the trained model rather than performance of a retrained smaller architecture.,Implemented / documented; functional acceptance covered,sheet/width_instrumentation.py; sheet/local_chart_store.py; sheet/width_dashboard.py; sheet/local_dashboard_assets/dashboard_width.js,test_probes_preserve_training_rng_gradient_and_parameter_state; test_disabled_capture_has_no_hooks_buffers_or_instrumentation; test_cadence_completed_updates_and_inclusive_window; test_local_chart_bounds_old_database_and_width_figures; evidence/residual_width_browser.json,"CPU functional acceptance. Measured category-specific storage only; GPU, distributed width, compilation, cloud delivery and language-model-scale quality remain untested."
102,CSA-INS-008,"Probes shall make no optimizer update, preserve training state, and use saved deterministic sample selection independent of training random state.",Implemented / documented; functional acceptance covered,sheet/width_instrumentation.py; sheet/local_chart_store.py; sheet/width_dashboard.py; sheet/local_dashboard_assets/dashboard_width.js,test_probes_preserve_training_rng_gradient_and_parameter_state; test_disabled_capture_has_no_hooks_buffers_or_instrumentation; test_cadence_completed_updates_and_inclusive_window; test_local_chart_bounds_old_database_and_width_figures; evidence/residual_width_browser.json,"CPU functional acceptance. Measured category-specific storage only; GPU, distributed width, compilation, cloud delivery and language-model-scale quality remain untested."
103,CSA-INS-009,Probe capture shall bound synthesized feature samples and measure post-affine projection-discarded energy using tiles or an equivalent analytic computation.,Implemented / documented; functional acceptance covered,sheet/width_instrumentation.py; sheet/local_chart_store.py; sheet/width_dashboard.py; sheet/local_dashboard_assets/dashboard_width.js,test_probes_preserve_training_rng_gradient_and_parameter_state; test_disabled_capture_has_no_hooks_buffers_or_instrumentation; test_cadence_completed_updates_and_inclusive_window; test_local_chart_bounds_old_database_and_width_figures; evidence/residual_width_browser.json,"CPU functional acceptance. Measured category-specific storage only; GPU, distributed width, compilation, cloud delivery and language-model-scale quality remain untested."
104,CSA-INS-010,Instrumentation shall not present the identity round trip CCᵀc as evidence of compression quality.,Implemented / documented; functional acceptance covered,sheet/width_instrumentation.py; sheet/local_chart_store.py; sheet/width_dashboard.py; sheet/local_dashboard_assets/dashboard_width.js,test_probes_preserve_training_rng_gradient_and_parameter_state; test_disabled_capture_has_no_hooks_buffers_or_instrumentation; test_cadence_completed_updates_and_inclusive_window; test_local_chart_bounds_old_database_and_width_figures; evidence/residual_width_browser.json,"CPU functional acceptance. Measured category-specific storage only; GPU, distributed width, compilation, cloud delivery and language-model-scale quality remain untested."
105,CSA-INS-011,"Instra shall integrate width energy, retained-order loss probes, and sampled-curve inspection into existing run views and bounded history without a new telemetry service or adaptive-width controller.",Implemented / documented; functional acceptance covered,sheet/width_instrumentation.py; sheet/local_chart_store.py; sheet/width_dashboard.py; sheet/local_dashboard_assets/dashboard_width.js,test_probes_preserve_training_rng_gradient_and_parameter_state; test_disabled_capture_has_no_hooks_buffers_or_instrumentation; test_cadence_completed_updates_and_inclusive_window; test_local_chart_bounds_old_database_and_width_figures; evidence/residual_width_browser.json,"CPU functional acceptance. Measured category-specific storage only; GPU, distributed width, compilation, cloud delivery and language-model-scale quality remain untested."
106,CSA-INS-012,"Width capture shall use the specified width_activation_curves prefix and off, basic, and probes modes, defaulting to off without suppressing existing run logging.",Implemented / documented; functional acceptance covered,sheet/width_instrumentation.py; sheet/local_chart_store.py; sheet/width_dashboard.py; sheet/local_dashboard_assets/dashboard_width.js,test_probes_preserve_training_rng_gradient_and_parameter_state; test_disabled_capture_has_no_hooks_buffers_or_instrumentation; test_cadence_completed_updates_and_inclusive_window; test_local_chart_bounds_old_database_and_width_figures; evidence/residual_width_browser.json,"CPU functional acceptance. Measured category-specific storage only; GPU, distributed width, compilation, cloud delivery and language-model-scale quality remain untested."
107,CSA-INS-013,Capture and probe cadences shall default to 100 and 1000 completed optimizer updates and be configurable positive integers.,Implemented / documented; functional acceptance covered,sheet/width_instrumentation.py; sheet/local_chart_store.py; sheet/width_dashboard.py; sheet/local_dashboard_assets/dashboard_width.js,test_probes_preserve_training_rng_gradient_and_parameter_state; test_disabled_capture_has_no_hooks_buffers_or_instrumentation; test_cadence_completed_updates_and_inclusive_window; test_local_chart_bounds_old_database_and_width_figures; evidence/residual_width_browser.json,"CPU functional acceptance. Measured category-specific storage only; GPU, distributed width, compilation, cloud delivery and language-model-scale quality remain untested."
108,CSA-INS-014,"Capture bounds shall default to 20 records, 8 token samples per residual site, and min(256, D) feature points, with the domains in Section 7.3.",Implemented / documented; functional acceptance covered,sheet/width_instrumentation.py; sheet/local_chart_store.py; sheet/width_dashboard.py; sheet/local_dashboard_assets/dashboard_width.js,test_probes_preserve_training_rng_gradient_and_parameter_state; test_disabled_capture_has_no_hooks_buffers_or_instrumentation; test_cadence_completed_updates_and_inclusive_window; test_local_chart_bounds_old_database_and_width_figures; evidence/residual_width_browser.json,"CPU functional acceptance. Measured category-specific storage only; GPU, distributed width, compilation, cloud delivery and language-model-scale quality remain untested."
109,CSA-INS-015,"Probe orders shall be distinct retained prefix counts below r; auto shall resolve to max(1, floor(r/2)) and the resolved values shall be recorded.",Implemented / documented; functional acceptance covered,sheet/width_instrumentation.py; sheet/local_chart_store.py; sheet/width_dashboard.py; sheet/local_dashboard_assets/dashboard_width.js,test_probes_preserve_training_rng_gradient_and_parameter_state; test_disabled_capture_has_no_hooks_buffers_or_instrumentation; test_cadence_completed_updates_and_inclusive_window; test_local_chart_bounds_old_database_and_width_figures; evidence/residual_width_browser.json,"CPU functional acceptance. Measured category-specific storage only; GPU, distributed width, compilation, cloud delivery and language-model-scale quality remain untested."
110,CSA-INS-016,"Capture shall use an inclusive start and end update window with defaults 0 and unbounded, and cadence anchored at start_step.",Implemented / documented; functional acceptance covered,sheet/width_instrumentation.py; sheet/local_chart_store.py; sheet/width_dashboard.py; sheet/local_dashboard_assets/dashboard_width.js,test_probes_preserve_training_rng_gradient_and_parameter_state; test_disabled_capture_has_no_hooks_buffers_or_instrumentation; test_cadence_completed_updates_and_inclusive_window; test_local_chart_bounds_old_database_and_width_figures; evidence/residual_width_browser.json,"CPU functional acceptance. Measured category-specific storage only; GPU, distributed width, compilation, cloud delivery and language-model-scale quality remain untested."
111,CSA-INS-017,"Startup validation shall reject invalid capture intervals, sample bounds, probe orders, and windows before training begins.",Implemented / documented; functional acceptance covered,sheet/width_instrumentation.py; sheet/local_chart_store.py; sheet/width_dashboard.py; sheet/local_dashboard_assets/dashboard_width.js,test_probes_preserve_training_rng_gradient_and_parameter_state; test_disabled_capture_has_no_hooks_buffers_or_instrumentation; test_cadence_completed_updates_and_inclusive_window; test_local_chart_bounds_old_database_and_width_figures; evidence/residual_width_browser.json,"CPU functional acceptance. Measured category-specific storage only; GPU, distributed width, compilation, cloud delivery and language-model-scale quality remain untested."
112,CSA-INS-018,Width metrics shall use existing chart and enabled export destinations and mark unavailable counters explicitly.,Implemented / documented; functional acceptance covered,sheet/width_instrumentation.py; sheet/local_chart_store.py; sheet/width_dashboard.py; sheet/local_dashboard_assets/dashboard_width.js,test_probes_preserve_training_rng_gradient_and_parameter_state; test_disabled_capture_has_no_hooks_buffers_or_instrumentation; test_cadence_completed_updates_and_inclusive_window; test_local_chart_bounds_old_database_and_width_figures; evidence/residual_width_browser.json,"CPU functional acceptance. Measured category-specific storage only; GPU, distributed width, compilation, cloud delivery and language-model-scale quality remain untested."
113,CSA-INS-019,Basic capture and probes shall report their own elapsed time and retained-buffer bytes separately from normal execution costs.,Implemented / documented; functional acceptance covered,sheet/width_instrumentation.py; sheet/local_chart_store.py; sheet/width_dashboard.py; sheet/local_dashboard_assets/dashboard_width.js,test_probes_preserve_training_rng_gradient_and_parameter_state; test_disabled_capture_has_no_hooks_buffers_or_instrumentation; test_cadence_completed_updates_and_inclusive_window; test_local_chart_bounds_old_database_and_width_figures; evidence/residual_width_browser.json,"CPU functional acceptance. Measured category-specific storage only; GPU, distributed width, compilation, cloud delivery and language-model-scale quality remain untested."
114,CSA-INS-020,Disabled width capture shall create no width hooks or rolling sample buffers.,Implemented / documented; functional acceptance covered,sheet/width_instrumentation.py; sheet/local_chart_store.py; sheet/width_dashboard.py; sheet/local_dashboard_assets/dashboard_width.js,test_probes_preserve_training_rng_gradient_and_parameter_state; test_disabled_capture_has_no_hooks_buffers_or_instrumentation; test_cadence_completed_updates_and_inclusive_window; test_local_chart_bounds_old_database_and_width_figures; evidence/residual_width_browser.json,"CPU functional acceptance. Measured category-specific storage only; GPU, distributed width, compilation, cloud delivery and language-model-scale quality remain untested."
115,CSA-INS-021,Enabled width capture shall obey its configured sample and history bounds and avoid full-model weight synthesis.,Implemented / documented; functional acceptance covered,sheet/width_instrumentation.py; sheet/local_chart_store.py; sheet/width_dashboard.py; sheet/local_dashboard_assets/dashboard_width.js,test_probes_preserve_training_rng_gradient_and_parameter_state; test_disabled_capture_has_no_hooks_buffers_or_instrumentation; test_cadence_completed_updates_and_inclusive_window; test_local_chart_bounds_old_database_and_width_figures; evidence/residual_width_browser.json,"CPU functional acceptance. Measured category-specific storage only; GPU, distributed width, compilation, cloud delivery and language-model-scale quality remain untested."
116,CSA-INS-022,"Capture shall use the named residual and normalization sites in Section 9.1, label their location, and detach recorded samples from training graphs.",Implemented / documented; functional acceptance covered,sheet/width_instrumentation.py; sheet/local_chart_store.py; sheet/width_dashboard.py; sheet/local_dashboard_assets/dashboard_width.js,test_probes_preserve_training_rng_gradient_and_parameter_state; test_disabled_capture_has_no_hooks_buffers_or_instrumentation; test_cadence_completed_updates_and_inclusive_window; test_local_chart_bounds_old_database_and_width_figures; evidence/residual_width_browser.json,"CPU functional acceptance. Measured category-specific storage only; GPU, distributed width, compilation, cloud delivery and language-model-scale quality remain untested."
117,CSA-INS-023,"Memory counters shall identify measurement windows, included execution classes, and logical-versus-distinct-storage accounting.",Implemented / documented; functional acceptance covered,sheet/width_instrumentation.py; sheet/local_chart_store.py; sheet/width_dashboard.py; sheet/local_dashboard_assets/dashboard_width.js,test_probes_preserve_training_rng_gradient_and_parameter_state; test_disabled_capture_has_no_hooks_buffers_or_instrumentation; test_cadence_completed_updates_and_inclusive_window; test_local_chart_bounds_old_database_and_width_figures; evidence/residual_width_browser.json,"CPU functional acceptance. Measured category-specific storage only; GPU, distributed width, compilation, cloud delivery and language-model-scale quality remain untested."
118,CSA-INT-001,"Width checkpoints shall record representation identity, dimensions, basis metadata and fingerprint, operator shapes, and selected depth configuration.",Implemented / documented; functional acceptance covered,sheet/checkpoints.py; sheet/trainer_checkpoint_save.py; sheet/trainer_checkpoint_resume.py; run_thog2_lifecycle.py; instra_runner_catalogue.json; thog_grid_runner.py,test_resume_restores_optimizer_probe_rng_and_training_trajectory; test_resume_rejects_incompatible_representation_before_loading; test_checkpoint_rejects_corrupted_basis; test_public_training_cli_fresh_resume_and_recovered_checkpoint; evidence/residual_width_disabled_regression.json,See acceptance.md for shared qualification limits.
119,CSA-INT-002,Checkpoints shall store compact learned arrays and reproducible basis data while treating G and b as rebuildable derived operators.,Implemented / documented; functional acceptance covered,sheet/checkpoints.py; sheet/trainer_checkpoint_save.py; sheet/trainer_checkpoint_resume.py; run_thog2_lifecycle.py; instra_runner_catalogue.json; thog_grid_runner.py,test_resume_restores_optimizer_probe_rng_and_training_trajectory; test_resume_rejects_incompatible_representation_before_loading; test_checkpoint_rejects_corrupted_basis; test_public_training_cli_fresh_resume_and_recovered_checkpoint; evidence/residual_width_disabled_regression.json,See acceptance.md for shared qualification limits.
120,CSA-INT-003,Resume shall validate representation identity before tensor loading and restore compatible optimizer and deterministic instrumentation state.,Implemented / documented; functional acceptance covered,sheet/checkpoints.py; sheet/trainer_checkpoint_save.py; sheet/trainer_checkpoint_resume.py; run_thog2_lifecycle.py; instra_runner_catalogue.json; thog_grid_runner.py,test_resume_restores_optimizer_probe_rng_and_training_trajectory; test_resume_rejects_incompatible_representation_before_loading; test_checkpoint_rejects_corrupted_basis; test_public_training_cli_fresh_resume_and_recovered_checkpoint; evidence/residual_width_disabled_regression.json,See acceptance.md for shared qualification limits.
121,CSA-INT-004,Version 0.1 shall preserve non-width behavior and reject legacy full-width checkpoint conversion rather than perform an implicit projection.,Implemented / documented; functional acceptance covered,sheet/checkpoints.py; sheet/trainer_checkpoint_save.py; sheet/trainer_checkpoint_resume.py; run_thog2_lifecycle.py; instra_runner_catalogue.json; thog_grid_runner.py,test_resume_restores_optimizer_probe_rng_and_training_trajectory; test_resume_rejects_incompatible_representation_before_loading; test_checkpoint_rejects_corrupted_basis; test_public_training_cli_fresh_resume_and_recovered_checkpoint; evidence/residual_width_disabled_regression.json,See acceptance.md for shared qualification limits.
122,CSA-INT-005,Existing wrappers and Runner/Grid surfaces shall expose width controls without creating a separate run or checkpoint subsystem.,Implemented / documented; functional acceptance covered,sheet/checkpoints.py; sheet/trainer_checkpoint_save.py; sheet/trainer_checkpoint_resume.py; run_thog2_lifecycle.py; instra_runner_catalogue.json; thog_grid_runner.py,test_resume_restores_optimizer_probe_rng_and_training_trajectory; test_resume_rejects_incompatible_representation_before_loading; test_checkpoint_rejects_corrupted_basis; test_public_training_cli_fresh_resume_and_recovered_checkpoint; evidence/residual_width_disabled_regression.json,See acceptance.md for shared qualification limits.
123,CSA-INT-006,"Run comparison metadata shall distinguish reference width, retained width, and independent depth settings.",Implemented / documented; functional acceptance covered,sheet/checkpoints.py; sheet/trainer_checkpoint_save.py; sheet/trainer_checkpoint_resume.py; run_thog2_lifecycle.py; instra_runner_catalogue.json; thog_grid_runner.py,test_resume_restores_optimizer_probe_rng_and_training_trajectory; test_resume_rejects_incompatible_representation_before_loading; test_checkpoint_rejects_corrupted_basis; test_public_training_cli_fresh_resume_and_recovered_checkpoint; evidence/residual_width_disabled_regression.json,See acceptance.md for shared qualification limits.
124,CSA-VAL-001,CPU folded-normalization output and gradient fixtures shall match explicit analysis and synthesis within 10⁻⁹ float64 and 10⁻⁴ float32 maximum absolute error.,Implemented / documented; functional acceptance covered,tests/test_residual_width.py; tests/test_residual_width_integration.py; tests/test_residual_width_browser.py; tools/benchmark_residual_width.py,evidence/residual_width_regression_summary.json; evidence/residual_width_javascript_regression.json; evidence/residual_width_browser.json; evidence/residual_width_cpu_comparison.json; acceptance.md,"CPU functional acceptance. Measured category-specific storage only; GPU, distributed width, compilation, cloud delivery and language-model-scale quality remain untested."
125,CSA-VAL-002,"Normalization fixtures shall cover constant-mode and general orthonormal bases, both bias modes, and constant or near-constant represented inputs.",Implemented / documented; functional acceptance covered,tests/test_residual_width.py; tests/test_residual_width_integration.py; tests/test_residual_width_browser.py; tools/benchmark_residual_width.py,evidence/residual_width_regression_summary.json; evidence/residual_width_javascript_regression.json; evidence/residual_width_browser.json; evidence/residual_width_cpu_comparison.json; acceptance.md,"CPU functional acceptance. Measured category-specific storage only; GPU, distributed width, compilation, cloud delivery and language-model-scale quality remain untested."
126,CSA-VAL-003,"A dropout-free r = D basis-mapped model shall match its dense reference, while truncated tests shall use the explicitly projected compact-architecture reference.",Implemented / documented; functional acceptance covered,tests/test_residual_width.py; tests/test_residual_width_integration.py; tests/test_residual_width_browser.py; tools/benchmark_residual_width.py,evidence/residual_width_regression_summary.json; evidence/residual_width_javascript_regression.json; evidence/residual_width_browser.json; evidence/residual_width_cpu_comparison.json; acceptance.md,"CPU functional acceptance. Measured category-specific storage only; GPU, distributed width, compilation, cloud delivery and language-model-scale quality remain untested."
127,CSA-VAL-004,Direct depth contractions shall match small materialized-layer reference outputs and gradients within the fixture tolerances.,Implemented / documented; functional acceptance covered,tests/test_residual_width.py; tests/test_residual_width_integration.py; tests/test_residual_width_browser.py; tools/benchmark_residual_width.py,evidence/residual_width_regression_summary.json; evidence/residual_width_javascript_regression.json; evidence/residual_width_browser.json; evidence/residual_width_cpu_comparison.json; acceptance.md,"CPU functional acceptance. Measured category-specific storage only; GPU, distributed width, compilation, cloud delivery and language-model-scale quality remain untested."
128,CSA-VAL-005,"Causality tests shall demonstrate unchanged prefix logits after suffix changes, and allocation tests shall verify the specified compact storage and execution boundaries.",Implemented / documented; functional acceptance covered,tests/test_residual_width.py; tests/test_residual_width_integration.py; tests/test_residual_width_browser.py; tools/benchmark_residual_width.py,evidence/residual_width_regression_summary.json; evidence/residual_width_javascript_regression.json; evidence/residual_width_browser.json; evidence/residual_width_cpu_comparison.json; acceptance.md,"CPU functional acceptance. Measured category-specific storage only; GPU, distributed width, compilation, cloud delivery and language-model-scale quality remain untested."
129,CSA-VAL-006,"Acceptance coverage shall include each registered width basis, invalid configuration combinations, head tying, and shared-basis storage.",Implemented / documented; functional acceptance covered,tests/test_residual_width.py; tests/test_residual_width_integration.py; tests/test_residual_width_browser.py; tools/benchmark_residual_width.py,evidence/residual_width_regression_summary.json; evidence/residual_width_javascript_regression.json; evidence/residual_width_browser.json; evidence/residual_width_cpu_comparison.json; acceptance.md,"CPU functional acceptance. Measured category-specific storage only; GPU, distributed width, compilation, cloud delivery and language-model-scale quality remain untested."
130,CSA-VAL-007,"Comparative reporting shall cover dense, depth-only, width-only, and combined training with matched data and training conditions and record the quality, memory, and timing fields in Section 11.2.",Implemented / documented; functional acceptance covered,tests/test_residual_width.py; tests/test_residual_width_integration.py; tests/test_residual_width_browser.py; tools/benchmark_residual_width.py,evidence/residual_width_regression_summary.json; evidence/residual_width_javascript_regression.json; evidence/residual_width_browser.json; evidence/residual_width_cpu_comparison.json; acceptance.md,"CPU functional acceptance. Measured category-specific storage only; GPU, distributed width, compilation, cloud delivery and language-model-scale quality remain untested."
131,CSA-VAL-008,A basis-benefit investigation shall use an ordinary same-r residual control and report trade-offs without treating toy accuracy or mode energy as proof of language-model quality.,Implemented / documented; functional acceptance covered,tests/test_residual_width.py; tests/test_residual_width_integration.py; tests/test_residual_width_browser.py; tools/benchmark_residual_width.py,evidence/residual_width_regression_summary.json; evidence/residual_width_javascript_regression.json; evidence/residual_width_browser.json; evidence/residual_width_cpu_comparison.json; acceptance.md,"CPU functional acceptance. Measured category-specific storage only; GPU, distributed width, compilation, cloud delivery and language-model-scale quality remain untested."
132,CSA-VAL-009,"Release shall retain a reproducible acceptance record, make only measured category-specific memory claims, and disclose regressions and untested scales.",Implemented / documented; functional acceptance covered,tests/test_residual_width.py; tests/test_residual_width_integration.py; tests/test_residual_width_browser.py; tools/benchmark_residual_width.py,evidence/residual_width_regression_summary.json; evidence/residual_width_javascript_regression.json; evidence/residual_width_browser.json; evidence/residual_width_cpu_comparison.json; acceptance.md,"CPU functional acceptance. Measured category-specific storage only; GPU, distributed width, compilation, cloud delivery and language-model-scale quality remain untested."
133,CSA-CODE-001,"Before implementation, the named integration seams shall be reconciled with the selected branch without representing this proposal as existing master behavior.",Implemented / documented; functional acceptance covered,docs/residual_width/README.md; sheet/width.py; run_thog2_owt_core.py; run_thog2_dashboard.py,repository diff against a88cafffa6055cbe75f937a1d1692b10a8e224ee; all acceptance evidence; README.md,"CPU functional acceptance. Measured category-specific storage only; GPU, distributed width, compilation, cloud delivery and language-model-scale quality remain untested."
134,CSA-CODE-002,Width representation and projected normalization shall have a coherent module boundary using the shared registry and derived-operator lifecycle.,Implemented / documented; functional acceptance covered,docs/residual_width/README.md; sheet/width.py; run_thog2_owt_core.py; run_thog2_dashboard.py,repository diff against a88cafffa6055cbe75f937a1d1692b10a8e224ee; all acceptance evidence; README.md,"CPU functional acceptance. Measured category-specific storage only; GPU, distributed width, compilation, cloud delivery and language-model-scale quality remain untested."
135,CSA-CODE-003,Implementation shall follow the staged sequence in Section 12.1 while delivering the full registered-basis and acceptance scope before v0.1 release.,Implemented / documented; functional acceptance covered,docs/residual_width/README.md; sheet/width.py; run_thog2_owt_core.py; run_thog2_dashboard.py,repository diff against a88cafffa6055cbe75f937a1d1692b10a8e224ee; all acceptance evidence; README.md,"CPU functional acceptance. Measured category-specific storage only; GPU, distributed width, compilation, cloud delivery and language-model-scale quality remain untested."
136,CSA-CODE-004,The existing basis registry shall expose width capability and metadata without duplicating family definitions.,Implemented / documented; functional acceptance covered,docs/residual_width/README.md; sheet/width.py; run_thog2_owt_core.py; run_thog2_dashboard.py,repository diff against a88cafffa6055cbe75f937a1d1692b10a8e224ee; all acceptance evidence; README.md,"CPU functional acceptance. Measured category-specific storage only; GPU, distributed width, compilation, cloud delivery and language-model-scale quality remain untested."
137,CSA-CODE-005,Existing geometry modules shall resolve and explain width selection and independent depth composition with the specified validation.,Implemented / documented; functional acceptance covered,docs/residual_width/README.md; sheet/width.py; run_thog2_owt_core.py; run_thog2_dashboard.py,repository diff against a88cafffa6055cbe75f937a1d1692b10a8e224ee; all acceptance evidence; README.md,"CPU functional acceptance. Measured category-specific storage only; GPU, distributed width, compilation, cloud delivery and language-model-scale quality remain untested."
138,CSA-CODE-006,"The SheetGPT model and configuration shall implement separated dimensions, compact arrays, projected norms, and direct head and depth execution.",Implemented / documented; functional acceptance covered,docs/residual_width/README.md; sheet/width.py; run_thog2_owt_core.py; run_thog2_dashboard.py,repository diff against a88cafffa6055cbe75f937a1d1692b10a8e224ee; all acceptance evidence; README.md,"CPU functional acceptance. Measured category-specific storage only; GPU, distributed width, compilation, cloud delivery and language-model-scale quality remain untested."
139,CSA-CODE-007,Existing training entry points and wrappers shall expose width and capture arguments and preserve legacy and checkpoint validation behavior.,Implemented / documented; functional acceptance covered,docs/residual_width/README.md; sheet/width.py; run_thog2_owt_core.py; run_thog2_dashboard.py,repository diff against a88cafffa6055cbe75f937a1d1692b10a8e224ee; all acceptance evidence; README.md,"CPU functional acceptance. Measured category-specific storage only; GPU, distributed width, compilation, cloud delivery and language-model-scale quality remain untested."
140,CSA-CODE-008,"Existing chart storage and Instra readers shall persist and display width summaries, probes, curves, and comparison metadata.",Implemented / documented; functional acceptance covered,docs/residual_width/README.md; sheet/width.py; run_thog2_owt_core.py; run_thog2_dashboard.py,repository diff against a88cafffa6055cbe75f937a1d1692b10a8e224ee; all acceptance evidence; README.md,"CPU functional acceptance. Measured category-specific storage only; GPU, distributed width, compilation, cloud delivery and language-model-scale quality remain untested."
141,CSA-CODE-009,"Runner/Grid and tests shall expose and verify standalone width, joint depth, compatible resume, and instrumentation.",Implemented / documented; functional acceptance covered,docs/residual_width/README.md; sheet/width.py; run_thog2_owt_core.py; run_thog2_dashboard.py,repository diff against a88cafffa6055cbe75f937a1d1692b10a8e224ee; all acceptance evidence; README.md,"CPU functional acceptance. Measured category-specific storage only; GPU, distributed width, compilation, cloud delivery and language-model-scale quality remain untested."
142,CSA-CODE-010,"The width path shall integrate with existing GPT training and optimizer without requiring a new sequence compressor, custom GELU, or replacement dense baseline.",Implemented / documented; functional acceptance covered,docs/residual_width/README.md; sheet/width.py; run_thog2_owt_core.py; run_thog2_dashboard.py,repository diff against a88cafffa6055cbe75f937a1d1692b10a8e224ee; all acceptance evidence; README.md,"CPU functional acceptance. Measured category-specific storage only; GPU, distributed width, compilation, cloud delivery and language-model-scale quality remain untested."
